model,success,total_score
falcon3:10b,0.5932203389830508,0.2801983050847458
gemma3:12b,0.7457627118644068,0.3351474576271186
llama3.2-vision:11b,0.6440677966101694,0.2938118644067797
phi3:14b,0.3050847457627119,0.22083050847457628
qwen2.5-coder:14b,0.7627118644067796,0.32126271186440675
qwen2.5-coder:3b,0.3050847457627119,0.28463389830508473
qwen2.5-coder:7b,0.6440677966101694,0.3035864406779661
qwen_merged_final_model,0.5862068965517241,0.3007379310344827
